{
  "totalTransactionsMn": 13021.550000000005,
  "totalValueCr": 1829704.4300000006,
  "totalPopulation": 1426888000,
  "txPerCapita": 9.125838888546266,
  "valuePerCapita": 12823.04168231845,
  "stateCount": 36,
  "upiReferenceMonth": "2026-05",
  "topFiveVolumeShare": 50.39561342543705
}